RTK number	Jisho meanings
1	one, one radical (no.1)
2	two, two radical (no. 7)
3	three
4	four
5	five
6	six
7	seven
8	eight, eight radical (no. 12)
9	nine
10	ten
11	mouth
12	day, sun, Japan, counter for days
13	month, moon
14	rice field, rice paddy
15	eye, class, look, insight, experience, care, favor
16	old
17	I, my, our, one&#39;s own
18	risk, face, defy, dare, damage, assume (a name)
19	companion, friend
20	bright, light
21	chant, recite, call upon, yell
22	sparkle, clear, crystal
23	goods, refinement, dignity, article, counter for meal courses
24	spine, backbone
25	prosperous, bright, clear
26	early, fast
27	rising sun, morning sun
28	generation, world, society, public
29	stomach, paunch, crop, craw
30	daybreak, dawn, morning
31	gall bladder, courage, pluck, nerve
32	span, range, extend over
33	concave, hollow, sunken
34	convex, beetle brow, uneven
35	old times, old things, old friend, former, ex-
36	oneself
37	white
38	hundred
39	in, inside, middle, mean, center
40	thousand
41	tongue, reed, clapper
42	measuring box, 1.8 liter
43	rise up
44	round, full (month), perfection, -ship, pills, make round, roll up, curl up, seduce, explain away
45	measurement, tenth of a shaku, a little, small
46	elbow, arm
47	specialty, exclusive, mainly, solely
48	Dr., command, esteem, win acclaim, Ph.D., exposition, fair
49	fortune-telling, divining, forecasting, occupy, hold, have, get, take
50	above, up
51	below, down, descend, give, low, inferior
52	eminent, table, desk, high
53	morning, dynasty, regime, epoch, period, (North) Korea
54	ridicule, insult
55	only, free, in addition
56	shellfish
57	song, ballad
58	upright, chastity, constancy, righteousness
59	employee, member, number, the one in charge
60	stick, paste, apply
61	see, hopes, chances, idea, opinion, look at, visible
62	newborn babe, child, young of animals
63	beginning, former time, origin
64	page, leaf
65	stubborn, foolish, firmly
66	commonplace, ordinary, mediocre
67	defeat, negative, -, minus, bear, owe, assume a responsibility
68	ten thousand, 10,000
69	phrase, clause, sentence, passage, paragraph, counter for haiku
70	texture, skin, body, grain
71	decameron, ten-day period, season (for specific products)
72	ladle, one tenth of a go, dip
73	bull&#39;s eye, mark, target, object, adjective ending
74	neck, counter for songs and poems
75	the latter, duplicate, strange, witty, fishhook radical (no. 5)
76	riot, war, disorder, disturb
77	straightaway, honesty, frankness, fix, repair
78	tool, utensil, means, possess, ingredients, counter for armor, suits, sets of furniture
79	true, reality, Buddhist sect
80	craft, construction, katakana e radical (no. 48)
81	left
82	right
83	possess, have, exist, happen, occur, approx
84	bribe, board, supply, finance
85	tribute, support, finance
86	paragraph, nape of neck, clause, item, term (expression)
87	sword, saber, knife
88	blade, sword, edge
89	cut, cutoff, be sharp
90	seduce, call, send for, wear, put on, ride in, buy, eat, drink, catch (cold)
91	shining, bright
92	rule, follow, based on, model after
93	vice-, assistant, aide, duplicate, copy
94	separate, branch off, diverge, fork, another, extra, specially
95	street, ward, town, counter for guns, tools, leaves or cakes of something, even number, 4th calendar sign
96	town, village, block, street
97	can, passable, mustn&#39;t, should not, do not
98	place on the head, receive, top of head, top, summit, peak
99	child, sign of the rat, 11PM-1AM, first sign of Chinese zodiac
100	cavity, hole, slit, very, great, exceedingly
101	complete, finish
102	woman, female
103	fond, pleasing, like something
104	likeness, like, such as, as if, better, best, equal
105	mother
106	pierce, 8 1/3lbs, penetrate, brace
107	elder brother, big brother
108	spell, curse, charm, malediction
109	overcome, kindly, skillfully
110	little, small
111	few, little
112	large, big
113	many, frequent, much
114	evening
115	eventide, tide, salt water, opportunity
116	outside
117	name, noted, distinguished, reputation
118	stone
119	resemblance
120	nitrate, saltpeter
121	smash, break, crush, familiar, popular
122	sand
123	jealous, envy
124	plane, sharpen, whittle, pare, shave
125	ray, light
126	plump, thick, big around
127	utensil, vessel, receptacle, implement, instrument, ability, container, tool, set
128	stinking, ill-smelling, suspicious looking, odor, savor, fragrance, be fragrant, stink, glow, be bright
129	smell, sniff, scent
130	exquisite, strange, queer, mystery, miracle, excellent, delicate, charming
131	focus, government ministry, conserve
132	thick, heavy, rich, kind, cordial, brazen, shameless
133	strange, strangeness, curiosity
134	stream, river, river or three-stroke river radical (no. 47)
135	state, province
136	obey, order, turn, right, docility, occasion
137	water
138	icicle, ice, hail, freeze, congeal
139	eternity, long, lengthy
140	spring, fountain
141	gland
142	meadow, original, primitive, field, plain, prairie, tundra, wilderness
143	petition, request, vow, wish, hope
144	swim
145	marsh, lake, bog, swamp, pond
146	open sea, offing, rise high into sky
147	pan-
148	creek, inlet, bay
149	washing, sieving, filtering, weeding out, luxury
150	soup, juice, broth, sap, gravy, pus
151	sand
152	tide, salt water, opportunity
153	source, origin
154	lively, resuscitation, being helped, living
155	extinguish, blow out, turn off, neutralize, cancel
156	condition, situation
157	river
158	overnight stay, put up at, ride at anchor
159	lake
160	fathom, plan, scheme, measure
161	soil, earth, ground, Turkey
162	spit, vomit, belch, confess, tell (lies)
163	pressure, push, overwhelm, oppress, dominate
164	cape, spit, promontory
165	hedge, fence, wall
166	fill in
167	square jewel, corner, angle, edge
168	seal, closing
169	horizon, shore, limit, bound
170	Buddhist temple
171	time, hour
172	level, average
173	fire
174	inflammation, flame, blaze
175	anxiety, trouble, worry, pain, ill, annoy, nuisance, irksome
176	thin, faint, pale, fleeting
177	lamp, a light, light, counter for lights
178	farm, field, garden, one&#39;s specialty, (kokuji)
179	disaster, calamity, woe, curse, evil
180	ashes, puckery juice, cremate
181	spot, point, mark, speck, decimal point
182	illuminate, shine, compare, bashful
183	fish
184	fishing, fishery
185	ri, village, parent&#39;s home, league
186	black
187	black ink, India ink, ink stick, Mexico
188	carp
189	quantity, measure, weight, amount, consider, estimate, surmise
190	rin, 1/10 sen, 1/10 bu
191	bury, be filled up, embedded
192	same, agree, equal
193	den, cave, excavation
194	trunk, torso, hull (ship), hub of wheel
195	yonder, facing, beyond, confront, defy, tend toward, approach
196	esteem, furthermore, still, yet
197	character, letter, word, section of village
198	guard, protect, defend, obey
199	perfect, completion, end
200	proclaim, say, announce
201	wee hours, evening, early night
202	relax, cheap, low, quiet, rested, contented, peaceful
203	banquet, feast, party
204	draw near, stop in, bring near, gather, collect, send, forward
205	wealth, enrich, abundant
206	savings, store, lay in, keep, wear mustache
207	tree, wood
208	grove, forest
209	forest, woods
210	Japanese Judas-tree, cinnamon tree
211	oak, cypress
212	frame, framework, spindle, spool, bounding-box, (kokuji)
213	treetops, twig
214	shelf, ledge, rack, mount, mantle, trellis
215	apricot
216	paulownia
217	plant
218	chair
219	wither, die, dry up, be seasoned
220	crude, simple, plain, docile
221	village, town
222	inter-, mutual, together, each other, minister of state, councillor, aspect, phase, physiognomy
223	desk, table
224	book, present, main, origin, true, real, counter for long cylindrical things
225	tag, paper money, counter for bonds, placard, bid
226	calendar, almanac
227	plan, suggestion, draft, ponder, fear, proposition, idea, expectation, worry, table, bench
228	parch, dry up
229	un-, not yet, hitherto, still, even now, sign of the ram, 1-3PM, eighth sign of Chinese zodiac
230	end, close, tip, powder, posterity
231	dark, foolish
232	splash, suds
233	flavor, taste
234	younger sister
235	vermilion, cinnabar, scarlet, red, bloody
236	stocks, stump, shares, stock, counter for small plants
237	young, if, perhaps, possibly, low number, immature
238	grass, weeds, herbs, pasture, write, draft
239	suffering, trial, worry, hardship, feel bitter, scowl
240	torment, scold, chastise
241	tolerant, leniency, generosity, relax, feel at home, be at ease, broadminded
242	dilute, thin, weak (tea), pampas grass
243	leaf, plane, lobe, needle, blade, spear, counter for flat things, fragment, piece
244	imitation, copy, mock
245	vague, obscure, desert, wide
246	grave, tomb
247	evening, twilight, season&#39;s end, livelihood, make a living, spend time
248	membrane
249	seedling, sapling, shoot
250	portent, 10**12, trillion, sign, omen, symptoms
251	peach
252	stare, watch, look at, see, scrutinize
253	dog
254	status quo, conditions, circumstances, form, appearance
255	silence, become silent, stop speaking, leave as is
256	sort of thing, so, if so, in that case, well
257	reed, rush
258	hunt, raid, gather
259	cat
260	cow
261	special
262	revelation, tell, inform, announce
263	before, ahead, previous, future, precedence
264	wash, inquire into, probe
265	jammed in, shellfish, mediate, concern oneself with
266	world, boundary
267	tea
268	stature, height
269	fit, suit, join, 0.1
270	pagoda, tower, steeple
271	king, rule, magnate
272	jewel, ball
273	treasure, wealth, valuables
274	pearl, gem, jewel
275	present, existing, actual
276	play, take pleasure in, trifle with, make sport of
277	lunatic, insane, crazy, confuse
278	flourishing, successful, beautiful, vigorous
279	emperor
280	display, offer, present, send, exhibit
281	whole, entire, all, complete, fulfill
282	plug, bolt, cork, bung, stopper
283	logic, arrangement, reason, justice, truth
284	lord, chief, master, main thing, principal
285	pour, irrigate, shed (tears), flow into, concentrate on, notes, comment, annotate
286	pillar, post, cylinder, support
287	gold
288	pig iron
289	bowl, rice tub, pot, crown
290	copper
291	angling, fish, catch, allure, ensnare
292	needle, pin, staple, stinger
293	inscription, signature (of artisan)
294	tranquilize, ancient peace-preservation centers
295	road-way, street, district, journey, course, moral, teachings
296	guidance, leading, conduct, usher
297	crossing, crossroad, street corners, (kokuji)
298	swift, fast
299	create, make, structure, physique
300	urge, force, imminent, spur on
301	escape, flee, shirk, evade, set free
302	environs, boundary, border, vicinity
303	patrol, go around, circumference
304	car
305	take along, lead, join, connect, party, gang, clique
306	rut, wheel, track, model, way of doing
307	transport, send, be inferior
308	metaphor, compare
309	in front, before
310	broil, parch, roast, boil
311	each, every, either
312	status, rank, capacity, character, case (law, grammar)
313	bribe
314	abbreviation, omission, outline, shorten, capture, plunder
315	guest, visitor, customer, client
316	forehead, tablet, plaque, framed picture, sum, amount, volume
317	summer
318	dispose, manage, deal with, sentence, condemn, act, behave, place
319	article, clause, counter for articles, clauses, paragraphs, etc., twig, item, stripe, streak
320	fall, drop, come down, village, hamlet
321	superfluous, uselessness
322	dark
323	army, force, troops, war, battle
324	radiance, shine, sparkle, gleam, twinkle
325	carry, luck, destiny, fate, lot, transport, progress, advance
326	crown, best, peerless
327	dream, vision, illusion
328	pit, hole
329	tall, high, expensive
330	enjoy, receive, undergo, answer (phone), take, get, catch
331	cram school, private school
332	mellow, ripen, mature, acquire skill
333	pavilion, restaurant, mansion, arbor, cottage, vaudeville, music hall, stage name
334	capital, 10**16
335	refreshing, nice and cool
336	scenery, view
337	whale
338	cottage, inn, hut, house, mansion
339	circumference, circuit, lap
340	week
341	gentleman, scholar, samurai, samurai radical (no. 33)
342	good luck, joy, congratulations
343	robust, manhood, prosperity
344	villa, inn, cottage, feudal manor, solemn, dignified
345	sell
346	study, learning, science
347	memorize, learn, remember, awake, sober up
348	flourish, prosperity, honor, glory, splendor
349	write
350	haven, port, harbor, ferry
351	breed, care for, shepherd, feed, pasture
352	aggression, attack, criticize, polish
353	failure, defeat, reversal
354	sheet of..., counter for flat thin objects or sheets
355	happenstance, especially, intentionally, reason, cause, circumstances, the late, therefore, consequently
356	awe, respect, honor, revere
357	say, word
358	admonish, commandment
359	plot, plan, scheme, measure
360	discussion, methods called for, selection, result
361	prison, jail
362	revise, correct, decide
363	obituary
364	chastise, attack, defeat, destroy, conquer
365	instruction, Japanese character reading, explanation, read
366	imperial edict
367	packed, close, pressed, reprove, rebuke, blame
368	tale, talk
369	recitation, poem, song, composing
370	poem, poetry
371	word, speech, language
372	read
373	tune, tone, meter, key (music), writing style, prepare, exorcise, investigate, harmonize, mediate
374	discuss, talk
375	consent, assent, agreement
376	rebuke, admonish, charge, warn, persuade
377	style, ceremony, rite, function, method, system, form, expression
378	test, try, attempt, experiment, ordeal
379	II, two, second
380	range, region, limits, stage, level
381	burglar, rebel, traitor, robber
382	plantation, planting
383	ride, board, get on, place, spread, 10**44, record, publish
384	overgrown, grow thick, be luxuriant
385	grieve, relatives
386	turn into, become, get, grow, elapse, reach
387	castle
388	sincerity, admonish, warn, prohibit, truth, fidelity
389	intimidate, dignity, majesty, menace, threaten
390	destroy, ruin, overthrow, perish
391	dwindle, decrease, reduce, decline, curtail, get hungry
392	ignore, despise, neglect, ridicule
393	scaffold, cleat, frame, jetty, bolt (door)
394	coin, .01 yen, money
395	shallow, superficial, frivolous, wretched, shameful
396	stop, halt
397	walk, counter for steps
398	ford, go cross, transit, ferry, import, involve
399	repeatedly, recur
400	agreement, consent, comply with
401	undertake, scheme, design, attempt, plan
402	curriculum, continuation, passage of time
403	warrior, military, chivalry, arms
404	levy, ode, prose, poem, tribute, installment
405	correct, justice, righteous, 10**40
406	evidence, proof, certificate
407	politics, government
408	determine, fix, establish, decide
409	lock, fetters, shackles
410	run
411	transcend, super-, ultra-
412	proceed, get, become, tend
413	surpass, cross over, move to, exceed, Vietnam
414	just so, this, right, justice
415	topic, subject
416	dike, bank, embankment
417	build
418	key
419	prolong, stretching
420	nativity, be born, declension, lie, be arbitrary
421	cornerstone, foundation stone
422	bridegroom, son-in-law
423	garment, clothes, dressing
424	tailor, judge, decision, cut out (pattern)
425	attire, dress, pretend, disguise, profess
426	back, amidst, in, reverse, inside, palm, sole, rear, lining, wrong side
427	demolition, break, destroy
428	pathetic, grief, sorrow, pathos, pity, sympathize
429	distant, far
430	monkey
431	first time, beginning
432	towel, hanging scroll, width, cloth radical (no. 50)
433	linen, cloth, spread, distribute
434	sail
435	hanging scroll, width
436	cap, headgear
437	curtain, bunting, act of play
438	canopy, awning, hood, curtain
439	brocade, fine dress, honors
440	market, city, town
441	persimmon
442	elder sister
443	lungs
444	sash, belt, obi, zone, region
445	stagnate, be delayed, overdue, arrears
446	thorn, pierce, stab, prick, sting, calling card
447	system, law, rule
448	made in..., manufacture
449	revolve, turn around, change
450	technique, art, craft, performance, acting, trick, stunt
451	rain
452	cloud
453	cloudy weather, cloud up
454	thunder, lightning bolt
455	frost
456	winter
457	heavens, sky, imperial
458	attractive, bewitching, calamity
459	fertility
460	bridge
461	attractive
462	stand up, rise, set up, erect
463	cry, weep, moan
464	badge, chapter, composition, poem, design
465	emulate, compete with, bid, sell at auction, bout, contest, race
466	sovereign, the emperor, god, creator
467	truth, clarity, abandon, give up
468	juvenile, child
469	pupil (of eye)
470	bell, gong, chimes
471	make a deal, selling, dealing in, merchant
472	legitimate wife, direct descent (non-bastard)
473	suitable, occasional, rare, qualified, capable
474	drip, drop
475	enemy, foe, opponent
476	spoon, spoon or katakana hi radical (no. 21)
477	scold, reprove
478	fragrant, stink, glow, insinuate, (kokuji)
479	time, about, toward
480	north
481	stature, height, back, behind, disobey, defy, go back on, rebel
482	compare, race, ratio, Philippines
483	descendants, elder brother, insect
484	all, everything
485	square character style, correctness
486	harmony
487	mix, blend, confuse
488	thirst, dry up, parch
489	audience, audience (with king)
490	brown, woollen kimono
491	hoarse, scold
492	arrowroot, kudzu
493	delicious, relish, show a liking for, purport, will, clever, expert
494	fat, grease, tallow, lard, rosin, gum, tar
495	visit a temple, arrive, attain
496	one (in documents)
497	every
498	cleverness, agile, alert
499	plum
500	sea, ocean
501	beg, invite, ask
502	drought, dry, dessicate, drink up, heaven, emperor
503	abdomen, belly, stomach
504	duplicate, double, compound, multiple
505	lack, gap, fail, yawning radical (no. 76)
506	blow, breathe, puff, emit, smoke
507	cook, boil
508	song, sing
509	soft
510	next, order, sequence
511	briar, thorn
512	assets, resources, capital, funds, data, be conducive to, contribute to
513	figure, form, shape
514	consult with
515	compensation, indemnify
516	cultivate, foster
517	divide
518	sound, noise
519	darkness, disappear, shade, informal, grow dark, be blinded
520	rhyme, elegance, tone
521	discriminating, know, write
522	mirror, speculum, barrel-head, round rice-cake offering
523	boundary, border, region
524	deceased, the late, dying, perish
525	blind, blind man, ignoramus
526	delusion, unnecessarily, without authority, reckless
527	laid waste, rough, rude, wild
528	ambition, full moon, hope, desire, aspire to, expect
529	direction, person, alternative
530	disturb, prevent, hamper, obstruct
531	boy, priest&#39;s residence, priest
532	perfume, balmy, favorable, fragrant
533	obese, fat
534	call on, visit, look up, offer sympathy
535	set free, release, fire, shoot, emit, banish, liberate
536	violent, get excited, enraged, chafe, incite
537	undress, removing, escape from, get rid of, be left out, take off
538	opinion, theory, explanation, rumor
539	pointed, sharpness, edge, weapon, sharp, violent
540	formerly, once, before, ever, never, ex-
541	increase, add, augment, gain, promote
542	presents, send, give to, award to, confer on, presenting something
543	east
544	ridgepole, ridge
545	frozen, congeal, refrigerate
546	pregnancy
547	courts, imperial court, government office
548	dye, color, paint, stain, print
549	burn, blaze, glow
550	V.I.P., guest
551	year-end, age, occasion, opportunity
552	prefecture
553	horse chestnut, (kokuji)
554	ground, earth
555	pond, cistern, pool, reservoir
556	insect, bug, temper
557	lightning-bug, firefly
558	snake, serpent, hard drinker
559	rainbow
560	butterfly
561	single, alone, spontaneously, Germany
562	silkworm
563	wind, air, style, manner
564	self
565	rouse, wake up, get up
566	queen, princess
567	reformation, change, modify, mend, renew, examine, inspect, search
568	scribe, account, narrative
569	wrap, pack up, cover, conceal
570	placenta, sac, sheath
571	cannon, gun
572	bubbles, foam, suds, froth
573	tortoise, turtle
574	electricity
575	dragon, imperial
576	waterfall, rapids, cascade
577	pork, pig
578	pursue, drive away, chase, accomplish, attain, commit
579	consummate, accomplish, attain, commit (suicide)
580	house, home, family, professional, expert, performer
581	marry into, bride
582	overpowering, great, powerful, excelling, Australia
583	intestines, guts, bowels, viscera
584	location, place
585	hot water, bath, hot spring
586	sheep
587	beauty, beautiful
588	ocean, sea, foreign, Western style
589	detailed, full, minute, accurate, well-informed
590	fresh, vivid, clear, brilliant, Korea
591	accomplished, reach, arrive, attain
592	envious, be jealous, covet
593	distinction, difference, variation, discrepancy, margin, balance
594	don, arrive, wear, counter for suits of clothing
595	solely, only, merely, simply
596	piled high
597	chinquapin, mallet, spine
598	who, someone, somebody
599	char, hurry, impatient, irritate, burn, scorch, singe
600	reef, sunken rock
601	gather, meet, congregate, swarm, flock
602	quasi-, semi-, associate
603	advance, proceed, progress, promote
604	miscellaneous
605	feminine, female
606	semi-, correspond to, proportionate to, conform, imitate
607	stirred up, be invigorated, flourish
608	rob, take by force, snatch away, dispossess, plunder, usurp
609	assurance, firm, tight, hard, solid, confirm, clear, evident
610	noon, sign of the horse, 11AM-1PM, seventh sign of Chinese zodiac
611	permit, approve
612	delight, joy
613	authority, power, rights
614	outlook, look, appearance, condition, view
615	feathers, counter for birds, rabbits
616	learn
617	the following, next
618	weekday
619	laundry, wash, pour on, rinse
620	say, reason, pretext, history, past, flat sun radical (no. 73)
621	quandary, become distressed, annoyed
622	harden, set, clot, curdle
623	confinement, to tie
624	country
625	group, association
626	cause, factor, be associated with, depend on, be limited to
627	matrimony, marry
628	throat, choked, smothered, stuffy
629	park, garden, yard, farm
630	-times, round, game, revolve, counter for occurrences
631	podium, stage, rostrum, terrace
632	store, shop
633	warehouse, storehouse
634	courtyard, garden, yard
635	government office
636	bed, counter for beds, floor, padding, tatami
637	hemp, flax, numb
638	grind, polish, scour, improve, brush (teeth)
639	heart, mind, spirit, heart radical (no. 61)
640	forget
641	selfish, arbitrary
642	endure, bear, put up with, conceal, secrete, spy, sneak
643	acknowledge, witness, discern, recognize, appreciate, believe
644	mourning, abhor, detestable, death anniversary
645	intention, plan, resolve, aspire, motive, hopes, shilling
646	document, records
647	wick
648	loyalty, fidelity, faithfulness
649	spit, skewer
650	afflicted, disease, suffer from, be ill
651	think
652	grace, kindness, goodness, favor, mercy, blessing, benefit
653	apply, answer, yes, OK, reply, accept
654	idea, mind, heart, taste, thought, desire, care, liking
655	timidity, heart, mind, fear, cowardly
656	concept, think, idea, thought
657	breath, respiration, son, interest (on money)
658	recess, rest, relax, repose
659	favor, blessing, grace, kindness
660	fear, dread, awe
661	beguile, delusion, perplexity
662	emotion, feeling, sensation
663	melancholy, grieve, lament, be anxious, sad, unhappy
664	widow, minority, few
665	busy, occupied, restless
666	ecstasy, joy, rapture
667	constancy, always
668	lament, grieve over
669	enlightenment, perceive, discern, realize, understand
670	dreadful, be frightened, fearful
671	disconcerted, be confused, lose one&#39;s head
672	repent, regret
673	hate, detest
674	accustomed, get used to, become experienced
675	pleasure, happy, rejoice
676	lazy, laziness
677	humility, be careful, discreet, prudent
678	remorse, regret, be sorry
679	recollection, think, remember
680	fear, be afraid of, dread
681	yearn after, long for, aspire to, admire, adore
682	yearn for, aspire to, admire
683	pining, yearn for, love dearly, adore
684	annexed, accompany, marry, suit, meet, satisfy, attach, append, garnish, imitate
685	invariably, certain, inevitable
686	ooze, flow, soak in, penetrate, secrete
687	hand
688	watch over, see
689	chafe, rub, polish, grind, scrape
690	ego, I, selfish, our, oneself
691	righteousness, justice, morality, honor, loyalty, meaning
692	deliberation, consultation, debate, consideration
693	sacrifice
694	rub, paint, erase
695	wipe, mop, swab
696	Latin, kidnap, crush
697	embrace, hug, hold in arms
698	board, load (a vehicle), ride
699	extract, selection, summary, copy, spread thin
700	confront, resist, defy, oppose
701	criticism, strike
702	beckon, invite, summon, engage
703	clear (the land), open, break up (land)
704	clap, beat (music)
705	strike, hit, knock, pound, dozen
706	arrest, seize, concerned, adhere to, despite
707	discard, throw away, abandon, resign, reject, sacrifice
708	kidnap, falsify
709	pinch, pick, pluck, trim, clip, summarize
710	challenge, contend for, make love to
711	finger, point to, indicate, put into, play (chess), measure (ruler)
712	hold, have
713	be imminent, draw close
714	fasten, tie up, arrest, constrict
715	brandish, wave, wag, swing, shake
716	conjecture, infer, guess, suppose, support, push (for)
717	raise, elevate, hoist, praise, extol, fry in deep fat
718	propose, take along, carry in hand
719	damage, loss, disadvantage, hurt, injure
720	pick up, gather, find, go on foot, ten
721	shouldering, carry, raise, bear
722	foothold, based on, follow, therefore
723	sketch, compose, write, draw, paint
724	maneuver, manipulate, operate, steer, chastity, virginity, fidelity
725	touch, contact, adjoin, piece together
726	put up (a notice), put up, hoist, display, hang out, publish, describe
727	hang, suspend, depend, arrive at, tax, pour
728	make progress
729	polish, study of, sharpen
730	commandment
731	play with, tamper, trifle with
732	contraption, fetter, machine, instrument
733	nose, snout
734	punish, penalty, sentence, punishment
735	mould, type, model
736	genius, years old, cubic shaku
737	property, money, wealth, assets
738	lumber, log, timber, wood, materials, ingredients, talent
739	exist, suppose, be aware of, believe, feel
740	exist, outskirts, suburbs, located in
741	from, possessive particle, whereupon, accordingly
742	portable, carry (in hand), armed with, bring along
743	reach out, exert, exercise, cause
744	suck, imbibe, inhale, sip
745	handle, entertain, thresh, strip
746	length, ten shaku, measure, Mr., Ms., height, stature, all (one has), only, that&#39;s all, merely
747	history, chronicle
748	officer, an official
749	grow late, night watch, sit up late, of course, renew, renovate, again, more and more, further
750	stiff, hard
751	for the most part, close up, flower stem
752	or again, furthermore, on the other hand
753	pair, set, comparison, counter for pairs
754	mulberry
755	vessels, counter for ships, fish, birds, arrows, one of a pair
756	safeguard, protect
757	seize, get, find, earn, acquire, can, may, able to
758	guy, slave, manservant, fellow
759	angry, be offended
760	friend
761	slip out, extract, pull out, pilfer, quote, remove, omit
762	throw, discard, abandon, launch into, join, invest in, hurl, give up, sell at a loss
763	drown, sink, hide, fall into, disappear, die
764	thigh, crotch
765	establishment, provision, prepare
766	beat, attack, defeat, conquer
767	husk, nut shell
768	branch, support, sustain, branch radical (no. 65)
769	skill, art, craft, ability, feat, performance, vocation, arts
770	bough, branch, twig, limb, counter for branches
771	limb, arms &amp; legs
772	stalk, stem
773	suspicious, mystery, apparition
774	lightly, trifling, unimportant
775	uncle, youth
776	coach, command, urge, lead, supervise
777	loneliness, quietly, mellow, mature, death of a priest
778	graceful, gentle, pure
779	anti-
780	slope, incline, hill
781	plank, board, plate, stage
782	return, answer, fade, repay
783	marketing, sell, trade
784	claw, nail, talon
785	gentle, peace, depravity
786	milk, breasts
787	floating, float, rise to surface
788	lewdness, licentiousness
789	leader, commander, general, admiral, or, and again, soon, from now on, just about
790	exhort, urge, encourage
791	dice, form, appearance, take, gather, coloring
792	pick, take, fetch, take up
793	vegetable, side dish, greens
794	accept, undergo, answer (phone), take, get, catch, receive
795	impart, instruct, grant, confer
796	love, affection, favourite
797	dark, not clear
798	pay, clear out, prune, banish, dispose of
799	wide, broad, spacious
800	be bent, slope, capture
801	broaden, extend, expand, enlarge
802	mineral, ore
803	valve, petal, braid, speech, dialect, discrimination, dispose of, distinguish, conical cap
804	masculine, male, hero, leader, superiority, excellence
805	pedestal, a stand, counter for machines and vehicles
806	neglect, laziness
807	reign, be at peace, calm down, subdue, quell, govt, cure, heal, rule, conserve
808	melting, smelting
809	commence, begin
810	womb, uterus
811	window, pane
812	gone, past, quit, leave, elapse, eliminate, divorce
813	method, law, rule, principle, model, system
814	meeting, meet, party, association, interview, join
815	climax, arrive, proceed, reach, attain, result in
816	room, apartment, chamber, greenhouse, cellar
817	arrival, proceed, reach, attain, result in
818	doth, do, send, forward, cause, exert, incur, engage
819	mutually, reciprocally, together
820	abandon, throw away, discard, resign, reject, sacrifice
821	bring up, grow up, raise, rear
822	remove, withdraw, disarm, dismantle, reject, exclude
823	allot, fill
824	gun, arms
825	sulphur
826	current, a sink, flow, forfeit
827	license, sincerity, permit
828	tempt, seduce, instigate, promote
829	exit, leave, go out, come out, put out, protrude
830	mountain
831	bungling, clumsy, unskillful
832	boulder, rock, cliff
833	charcoal, coal
834	branch off, fork in road, scene, arena, theater
835	mountain peak, mountain pass, climax, crest, (kokuji)
836	crumble, die, demolish, level
837	secrecy, density (pop), minuteness, carefulness
838	honey, nectar, molasses
839	storm, tempest
840	promontory, cape, spit
841	cliff, bluff, precipice
842	enter, insert
843	crowded, mixture, in bulk, included, (kokuji)
844	part, minute of time, segment, share, degree, one&#39;s lot, duty, understand, know, rate, 1%, chances, shaku/100
845	poverty, poor
846	distribute, disseminate, partition, understand
847	public, prince, official, governmental
848	pine tree
849	venerable old man
850	sue, accuse
851	valley
852	bathe, be favored with, bask in
853	contain, form, looks
854	melt, dissolve, thaw
855	longing, covetousness, greed, passion, desire, craving
856	abundant, rich, fertile
857	lead
858	run alongside, follow along, run along, lie along
859	prize, reward, praise
860	party, faction, clique
861	public chamber, hall
862	usual, ordinary, normal, common, regular, continually, always, long-lasting
863	skirt
864	manipulate, rule, administer, conduct, palm of hand
865	pelt, skin, hide, leather, skin radical (no. 107)
866	waves, billows, Poland
867	old woman, grandma, wet nurse
868	expose, open
869	rend, rip, tear, break, destroy, defeat, frustrate
870	incur, cover, veil, brood over, shelter, wear, put on, be exposed (film), receiving
871	remainder, leftover, balance
872	martyrdom, follow by resigning
873	particularly, especially, exceptionally
874	augment, increase, multiply, raise
875	file, row, rank, tier, column
876	split, rend, tear
877	ardent, violent, vehement, furious, severe, extreme
878	death, die
879	interment, bury, shelve
880	wink, blink, twinkle
881	ear
882	take, fetch, take up
883	purport, gist, elegance, interest, proceed to, tend, become
884	utmost, most, extreme
885	snapshot, take pictures
886	shame, dishonor
887	post, employment, work
888	holy, saint, sage, master, priest'
889	daring, brave, bold, sad, tragic, pitiful
890	listen, headstrong, naughty, careful inquiry
891	pocket, feelings, heart, yearn, miss someone, become attached to, bosom, breast
892	ridicule, laziness
893	cartoon, involuntarily, unrestrained, in spite of oneself, corrupt
894	buy
895	placement, put, set, deposit, leave behind, keep, employ, pawn
896	penalty, punishment
897	rather, preferably, peaceful, quiet, tranquility
898	voiced, uncleanness, wrong, nigori, impurity
899	ring, circle, link, wheel
900	send back, return
901	husband, man
902	aid, help, assist
903	mountain stream, valley
904	standard, measure
905	exchange, spare, substitute, per-
906	approve, praise, title or inscription on picture, assist, agree with
907	submerge, conceal, hide, lower (voice), hush
908	lose, error, fault, disadvantage, loss
909	iron
910	transfer, alternation
911	retainer, subject
912	princess
913	storehouse, hide, own, have, possess
914	entrails, viscera, bowels
915	intelligent, wise, wisdom, cleverness
916	kidney
917	strict, hard, solid, tough, tight, reliable
918	look to, face, meet, confront, attend, call on
919	perusal, see
920	gigantic, big, large, great
921	repel, refuse, reject, decline
922	power, strength, strong, strain, bear up, exert
923	male
924	labor, thank for, reward for, toil, trouble
925	recruit, campaign, gather (contributions), enlist, grow violent
926	inferiority, be inferior to, be worse
927	achievement, merits, success, honor, credit
928	persuade, recommend, advise, encourage, offer
929	toil, diligent, as much as possible
930	suddenness, rise
931	encourage, be diligent, inspire
932	add, addition, increase, join, include, Canada
933	congratulations, joy
934	erect, frame, mount, support, shelf, construct
935	armpit, the other way, another place, flank, supporting role
936	threaten, coerce
937	co-, cooperation
938	going, journey, carry out, conduct, act, line, row, bank
939	rhythm, law, regulation, gauge, control
940	restore, return to, revert, resume
941	gain, get, find, earn, acquire, can, may, able to, profit, advantage, benefit
942	accompany, obey, submit to, comply, follow, secondary, incidental, subordinate
943	on foot, junior, emptiness, vanity, futility, uselessness, ephemeral thing, gang, set, party, people
944	wait, depend on
945	journey, travel, chase away, let go, going, before, formerly
946	subjugate, attack the rebellious, collect taxes
947	diameter, path, method
948	he, that, the
949	duty, war, campaign, drafted labor, office, service, role
950	benevolence, virtue, goodness, commanding respect
951	penetrate, clear, pierce, strike home, sit up (all night)
952	indications, sign, omen, symptom, collect, seek, refer to, question
953	penal, chastise, punish, discipline
954	delicate, minuteness, insignificance
955	boulevard, street, town
956	beam, girder, spar, unit or column (accounting)
957	equilibrium, measuring rod, scale
958	draft, copy, manuscript, straw
959	earnings, work, earn money
960	extent, degree, law, formula, distance, limits, amount
961	tax, duty
962	immature, young
963	harmony, Japanese style, peace, soften, Japan
964	shift, move, change, drift, catch (cold, fire), pass into
965	second (1/60 minute)
966	autumn
967	distress, grieve, lament, be anxious
968	private, I, me
969	regularity, salary, order
970	secret, conceal
971	appellation, praise, admire, name, title, fame
972	profit, advantage, benefit
973	pear tree
974	harvest, reap
975	ear, ear (grain), head, crest (wave)
976	rice plant
977	incense, smell, perfume
978	seasons
979	committee, entrust to, leave to, devote, discard
980	excel, excellence, beauty, surpass
981	transparent, permeate, filter, penetrate
982	entice, lead, tempt, invite, ask, call for, seduce, allure
983	think, consider
984	cereals, grain
985	germ, fungus, bacteria
986	wither, droop, lame
987	rice, USA, metre
988	flour, powder, dust
989	sticky, glutinous, greasy, persevere
990	grains, drop, counter for tiny particles
991	cosmetics, adorn (one&#39;s person)
992	astray, be perplexed, in doubt, lost, err, illusion
993	chic, style, purity, essence, pith, cream, elite, choice
994	riddle, puzzle, enigma, hint, tip
995	provisions, food, bread
996	chrysanthemum
997	heart, interior
998	number, strength, fate, law, figures
999	watchtower, lookout, high building
1000	sort, kind, variety, class, genus
1001	lacquer, varnish, seven
1002	knee, lap
1003	Esq., way, manner, situation, polite suffix
1004	request, want, wish for, require, demand
1005	ball, sphere
1006	salvation, save, help, rescue, reclaim
1007	bamboo
1008	laugh
1009	bamboo hat, one&#39;s influence
1010	bamboo grass, (kokuji)
1011	paper, label, letter, composition
1012	muscle, sinew, tendon, fiber, plot, plan, descent
1013	box, chest, case, bin, railway car
1014	writing brush, writing, painting brush, handwriting
1015	cylinder, pipe, tube, gun barrel, sleeve
1016	etc., and so forth, class (first), quality, equal, similar
1017	calculate, divining, number, abacus, probability
1018	solution, answer
1019	scheme, plan, policy, step, means
1020	register, record book
1021	fabricate, build, construct
1022	seclude oneself, cage, coop, implied
1023	person
1024	assistant, help
1025	companion, follower
1026	however, but
1027	dwell, reside, live, inhabit
1028	rank, grade, throne, crown, about, some
1029	go-between, relationship
1030	body, substance, object, reality, counter for images
1031	permanence, distant, long time, leisure
1032	affair, case, matter, item
1033	attend, doing, official, serve
1034	other, another, the others
1035	prostrated, bend down, bow, cover, lay (pipes)
1036	transmit, go along, walk along, follow, report, communicate, legend, tradition
1037	Buddha, the dead, France
1038	rest, day off, retire, sleep
1039	sham, temporary, interim, assumed (name), informal
1040	deed, skill
1041	chief, count, earl, uncle, Brazil
1042	vulgar, customs, manners, worldliness, mundane things
1043	faith, truth, fidelity, trust
1044	excellent, beautiful, good, pleasing, skilled
1045	reliant, depend on, consequently, therefore, due to
1046	example, custom, usage, precedent
1047	individual, counter for articles
1048	healthy, health, strength, persistence
1049	side, lean, oppose, regret
1050	waiter, samurai, wait upon, serve
1051	halt, stopping
1052	price, cost, value
1053	emulate, imitate
1054	be proud
1055	overthrow, fall, collapse, drop, break down
1056	spy
1057	Buddhist priest, monk
1058	hundred million, 10**8
1059	ceremony, rule, affair, case, a matter
1060	reparation, make up for, recompense, redeem
1061	hermit, wizard, cent
1062	sponsor, hold (a meeting), give (a dinner)
1063	humanity, virtue, benevolence, charity, man, kernel
1064	scorn, despise, make light of, contempt
1065	use, send on a mission, order, messenger, envoy, ambassador, cause
1066	convenience, facility, excrement, feces, letter, chance
1067	double, twice, times, fold
1068	tenderness, excel, surpass, actor, superiority, gentleness
1069	fell, strike, attack, punish
1070	inn, lodging, relay station, dwell, lodge, be pregnant, home, dwelling
1071	wound, hurt, injure, impair, pain, injury, cut, gash, scar, weak point
1072	protect, guarantee, keep, preserve, sustain, support
1073	praise, extol
1074	greatness, excellence
1075	adhere, attach, refer to, append
1076	token, sign, mark, tally, charm
1077	borough, urban prefecture, govt office, representative body, storehouse
1078	responsibility, duty, term, entrust to, appoint
1079	fare, fee, hire, rent, wages, charge
1080	substitute, change, convert, replace, period, age, counter for decades of ages, eras, etc., generation, charge, rate, fee
1081	sack, bag, pouch
1082	lend
1083	change, take the form of, influence, enchant, delude, -ization
1084	flower
1085	freight, goods, property
1086	lean, incline, tilt, trend, wane, sink, ruin, bias
1087	what
1088	baggage, shoulder-pole load, bear (a burden), shoulder (a gun), load, cargo, freight
1089	sagacious, genius, excellence
1090	bystander, side, besides, while, nearby, third person
1091	I, myself
1092	long time, old story
1093	furrow, thirty tsubo, ridge, rib
1094	captured, criminal, arrest, catch
1095	inside, within, between, among, house, home
1096	third class, 3rd, 3rd calendar sign
1097	design, pattern, build, nature, character, handle, crank, grip, knob, shaft
1098	meat
1099	rot, decay, sour
1100	squat, seat, cushion, gathering, sit
1101	crush, break, sprain, discourage
1102	graduate, soldier, private, die
1103	umbrella
1104	monme, 3.75 grams, (kokuji)
1105	by means of, because, in view of, compared with
1106	becoming, resemble, counterfeit, imitate, suitable
1107	join, get together, unite, collective
1108	tile, gram
1109	bottle, vial, jar, jug, vat, urn
1110	Shinto shrine, constellations, palace, princess
1111	occupation, camp, perform, build, conduct (business)
1112	virtuous, good, goodness
1113	small low table, tray
1114	year, counter for years
1115	night, evening
1116	fluid, liquid, juice, sap, secretion
1117	hillock, mound
1118	cash, bad habit, humble prefix, gift, Shinto offerings of cloth, rope, cut paper
1119	cover, shade, mantle, capsize, be ruined
1120	abuse, evil, vice, breakage
1121	yell, cry, call, scream, summon
1122	interchange, period, change, convert, replace, renew
1123	dissolve, melt
1124	give, bestow, perform, alms
1125	rotation, go around
1126	play
1127	trip, travel
1128	not, must not, do not, be not
1129	thing, object, matter
1130	easy, ready to, simple, fortune-telling, divination
1131	grant, gift, boon, results
1132	urine
1133	nun
1134	buttocks, hips, butt, rear
1135	mud, mire, adhere to, be attached to
1136	fence, wall, (kokuji)
1137	perform, complete, footgear, shoes, boots, put on (the feet)
1138	roof, house, shop, dealer, seller
1139	grip, hold, mould sushi, bribe
1140	yield, bend, flinch, submit
1141	dig, delve, excavate
1142	ditch, moat, canal
1143	reside, to be, exist, live with
1144	set, lay a foundation, install, equip, squat down, sit down
1145	cuff, hem, foot of mountain
1146	stratum, social class, layer, story, floor
1147	bureau, board, office, affair, conclusion, court lady, lady-in-waiting, her apartment
1148	slow, late, back, later
1149	leak, escape, time
1150	printing, print, brush
1151	shaku, Japanese foot, measure, scale, rule
1152	exhaust, use up, run out of, deplete, befriend, serve
1153	swamp, marsh, brilliance, grace
1154	translate, reason, circumstance, case
1155	choose, select, elect, prefer
1156	daytime, noon
1157	door, counter for houses, door radical (no. 63)
1158	shoulder
1159	tassel, tuft, fringe, bunch, lock (hair), segment (orange), house, room
1160	fan, folding fan
1161	hearth, furnace, kiln, reactor
1162	re-, return, revert, resume, restore, go backwards
1163	tears, sympathy
1164	employ, hire
1165	look back, review, examine oneself, turn around
1166	disclose, open, say
1167	show, indicate, point out, express, display
1168	salute, bow, ceremony, thanks, remuneration
1169	auspicious, happiness, blessedness, good omen, good fortune
1170	celebrate, congratulate
1171	blessing, fortune, luck, wealth
1172	welfare, happiness
1173	company, firm, office, association, shrine
1174	inspection, regard as, see, look at
1175	Nara, what?
1176	military officer, jailer, old man, rank
1177	consolation, amusement, seduce, cheer, make sport of, comfort, console
1178	goodwill, article, section, friendship, collusion
1179	prohibition, ban, forbid
1180	collar, neck, lapel, one&#39;s inner feelings
1181	religion, sect, denomination, main point, origin, essence
1182	adore, respect, revere, worship
1183	ritual, offer prayers, celebrate, deify, enshrine, worship
1184	guess, presume, surmise, judge, understand
1185	grate, rub, scratch, scrape, chafe, scour
1186	wherefore, a reason
1187	pluck, pull, extract, excel
1188	oil, fat
1189	sleeve, wing (building), extension, give cold shoulder
1190	mid-air, air, space, sky, memorization, interval of time
1191	deliver, reach, arrive, report, notify, forward
1192	flute, clarinet, pipe, whistle, bagpipe, piccolo
1193	axis, pivot, stem, stalk, counter for book scrolls
1194	armor, high (voice), A grade, first class, former, instep, carapace
1195	push, stop, check, subdue, attach, seize, weight, shove, press, seal, do in spite of
1196	headland, cape, spit, promontory
1197	insert, put in, graft, wear (sword)
1198	have the honor to, sign of the monkey, 3-5PM, ninth sign of Chinese zodiac
1199	expand, stretch, extend, lengthen, increase
1200	gods, mind, soul
1201	search, look for, locate
1202	fruit, reward, carry out, achieve, complete, end, finish, succeed
1203	candy, cakes, fruit
1204	chapter, lesson, section, department, division, counter for chapters (of a book)
1205	naked, nude, uncovered, partially clothed
1206	axe, 1.32 lb, catty, counter for loaves of bread, axe radical (no. 69)
1207	chop, divide, tear, analyze
1208	place, extent
1209	pray, wish
1210	near, early, akin, tantamount
1211	fold, break, fracture, bend, yield, submit
1212	philosophy, clear
1213	departed, die
1214	vow, swear, pledge
1215	beheading, kill, murder
1216	temporarily, a while, moment, long time
1217	steadily, gradually advancing, finally, barely
1218	severance, decline, refuse, apologize, warn, dismiss, prohibit, decision, judgement, cutting
1219	substance, quality, matter, temperament
1220	reject, retreat, recede, withdraw, repel, repulse
1221	accusation, sue, complain of pain, appeal to
1222	yesterday, previous
1223	lie, falsehood, deceive, pretend
1224	make, production, prepare, build
1225	snow
1226	record
1227	come off, peel, fade, discolor
1228	inquire, fathom, look for
1229	hurry, emergency, sudden, steep
1230	calm, quiet, moderation
1231	encroach, invade, raid, trespass, violate
1232	immersed, soak, dip, steep, moisten, wet, dunk
1233	lie down, sleep, rest, bed, remain unsold
1234	lady, woman, wife, bride
1235	sweep, brush
1236	hit, right, appropriate, himself
1237	same kind, collect, classify, category, hedgehog
1238	contend, dispute, argue
1239	clean, purify, cleanse, exorcise, Manchu Dynasty
1240	matter, thing, fact, business, reason, possibly
1241	T&#39;ang, China, foreign
1242	sugar
1243	ease, peace
1244	apprehend, chase
1245	Italy, that one
1246	mister, you, ruler, male name suffix
1247	flock, group, crowd, herd, swarm, cluster
1248	-proof, enduring
1249	demand, request, need
1250	Confucian
1251	edge, origin, end, point, border, verge, cape
1252	both, old Japanese coin, counter for carriages (e.g., in a train), two
1253	full, fullness, enough, satisfy
1254	brush-stroke, picture
1255	tooth, cog
1256	bend, music, melody, composition, pleasure, injustice, fault, curve, crooked, perverse, lean
1257	office, official, comrade, fellow
1258	encounter, meet, party, association, interview, join
1259	rowing, scull, paddle
1260	vat, tub, tank
1261	Big Dipper, ten sho (vol), sake dipper, dots and cross radical (no. 68)
1262	fee, materials
1263	department, course, section
1264	map, drawing, plan, extraordinary, audacious
1265	utilize, business, service, use, employ
1266	commonplace, ordinary, employment
1267	equip, provision, preparation
1268	once upon a time, antiquity, old times
1269	confused, mix, be in disorder
1270	borrow, rent
1271	pity, be sparing of, frugal, stingy, regret
1272	set aside, give up, suspend, discontinue, lay aside, except
1273	scatter, disperse, spend, squander
1274	twenty
1275	commoner, all, bastard
1276	intercept, interrupt, obstruct
1277	seat, mat, occasion, place
1278	degrees, occurrence, time, counter for occurrences, consider, attitude
1279	transit, ford, ferry, cross, import, deliver, diameter, migrate
1280	run, bustle
1281	erupt, spout, emit, flush out
1282	tomb, mound
1283	aroused, resent, be indignant, anger
1284	bake, burning
1285	daybreak, dawn, in the event
1286	half, middle, odd number, semi-, part-
1287	consort, accompany, bring with, companion
1288	paddy ridge, levee
1289	judgement, signature, stamp, seal
1290	fist
1291	ticket
1292	scroll, volume, book, part, roll up, wind up, tie, coil, counter for texts (or book scrolls)
1293	sphere, circle, radius, range
1294	victory, win, prevail, excel
1295	wisteria
1296	mimeograph, copy
1297	one-sided, leaf, sheet, right-side kata radical (no. 91)
1298	printing block, printing plate, edition, impression, label
1299	of, this
1300	destitution, scarce, limited
1301	turf, lawn
1302	negative, non-, bad, ugly, clumsy
1303	negate, no, noes, refuse, decline, deny
1304	counter for cupfuls, wine glass, glass, toast
1305	dart, arrow
1306	rectify, straighten, correct, reform, cure, control, pretend, falsify
1307	tribe, family
1308	know, wisdom
1309	wisdom, intellect, reason
1310	approach, draw near, push open
1311	halberd, arms, festival float
1312	tender, weakness, gentleness, softness
1313	task, duties
1314	fog, mist
1315	squad, corps, unit, group
1316	homecoming, arrive at, lead to, result in
1317	bow, bow (archery, violin)
1318	pull, tug, jerk, admit, install, quote, refer to
1319	condolences, mourning, funeral
1320	vast, broad, wide
1321	strong
1322	all the more, increasingly
1323	weak, frail
1324	drown, indulge
1325	seethe, boil, ferment, uproar, breed
1326	expense, cost, spend, consume, waste
1327	No., residence
1328	younger brother, faithful service to elders
1329	adroit, skilled, ingenuity
1330	nickname, number, item, title, pseudonym, name, call
1331	decay, rot, remain in seclusion
1332	boast, be proud, pride, triumphantly
1333	jaw, chin, gill
1334	dirty, pollute, disgrace, rape, defile
1335	bestow, participate in, give, award, impart, provide, cause, gift, godsend
1336	copy, be photographed, describe
1337	somebody, person, one&#39;s station in life
1338	shoot, shine into, onto, archery
1339	apologize, thank, refuse
1340	old man, old age, grow old
1341	consider, think over
1342	filial piety, child&#39;s respect
1343	teach, faith, doctrine
1344	torture, beat
1345	someone, person
1346	boil, cook
1347	renowned, publish, write, remarkable, phenomenal, put on, don, wear, arrival, finish (race), counter for suits of clothing, literary work
1348	chopsticks
1349	signature, govt office, police station
1350	sultry, hot, summer heat
1351	various, many, several, together
1352	boar
1353	strand, beach, shore
1354	gamble, wager, bet
1355	gorge, ravine
1356	cramped, narrow, contract, tight
1357	pinch, between
1358	cheeks, jaw
1359	chase, drive away, follow, pursue, meanwhile
1360	hill, mound, left village radical (no. 170)
1361	expert, teacher, master, model, exemplar, army (incl. counter), war
1362	commander, leading troops, governor
1363	bureaucrat, the government, organ
1364	coffin, casket
1365	pipe, tube, wind instrument, drunken talk, control, jurisdiction
1366	father
1367	kettle, cauldron, iron pot
1368	mingle, mixing, association, coming &amp; going
1369	merit, efficacy, efficiency, benefit
1370	contrast, compare
1371	exam, school, printing, proof, correction
1372	leg, foot, be sufficient, counter for pairs of footwear
1373	stimulate, urge, press, demand, incite
1374	catch, capture
1375	long-distance, spur, fetlock
1376	path, route, road, distance
1377	dew, tears, expose, Russia
1378	hop, leap up, spring, jerk, prance, buck, splash, sputter, snap
1379	leap, dance, skip
1380	tread, step on, trample, practice, carry through
1381	step, trample, carry through, appraise, evade payment
1382	remains, clue, footprint
1383	skeleton, bone, remains, frame
1384	slippery, slide, slip, flunk
1385	marrow, pith, essence
1386	calamity, misfortune, evil, curse
1387	whirlpool, eddy, vortex
1388	pot, pan, kettle
1389	overdo, exceed, go beyond, error
1390	heights, slope
1391	Africa, flatter, fawn upon, corner, nook, recess
1392	occasion, side, edge, verge, dangerous, adventurous, indecent, time, when
1393	hinder, hurt, harm
1394	crevice, fissure, discord, opportunity, leisure
1395	follow, though, notwithstanding, while, during, both, all, obey, submit to, comply, at the mercy of (the waves)
1396	obeisance, follow, accompany, attend on
1397	sunshine, yang principle, positive, male, heaven, daytime
1398	exhibit, state, relate, explain
1399	ward off, defend, protect, resist
1400	affixed, attach, refer to, append
1401	Inst., institution, temple, mansion, school
1402	camp, battle array, ranks, position, sudden, brief time
1403	regiment, party, company, squad
1404	crash, fall (down)
1405	descend, precipitate, fall, surrender
1406	storey, stair, counter for storeys of a building
1407	highness, steps (of throne)
1408	neighboring
1409	isolate, alternate, distance, separate, gulf
1410	conceal, hide, cover
1411	degenerate, descend to, lapse into
1412	collapse, fall into, cave in, fall (castle), slide into
1413	hole, aperture, slit, cave, den
1414	empty, sky, void, vacant, vacuum
1415	withdraw, draw in, hold back, refrain from, be moderate
1416	stab, protruding, thrust, pierce, prick, collision, sudden
1417	research, study
1418	plug up, obstruct
1419	stealth, steal, secret, private, hushed
1420	cavern
1421	depression, cave in, sink, become hollow
1422	squeeze
1423	kiln, oven, furnace
1424	hard up, destitute, suffer, perplexed, cornered
1425	grope, search, look for
1426	deep, heighten, intensify, strengthen
1427	hill, knoll
1428	point, peak, mountain
1429	soldier, private, troops, army, warfare, strategy, tactics
1430	seacoast, beach, seashore
1431	thread
1432	weave, fabric
1433	darning, repair, mend, trim, tidy up, adjust
1434	shrink, contract, shrivel, wrinkle, reduce
1435	luxuriant, thick, overgrown, frequency, complexity, trouble
1436	vertical, length, height, self-indulgent, wayward
1437	fine (i.e. not coarse)
1438	line, track
1439	be rent, ripped, unravel, run, begin to open, smile
1440	tighten, tie, shut, lock, fasten
1441	fiber, tie, rope
1442	gauze, thin silk, Rome, arrange, spread out
1443	practice, gloss, train, drill, polish, refine
1444	thong, beginning, inception, end, cord, strap, mental or emotional state
1445	continue, series, sequel
1446	picture, drawing, painting, sketch
1447	overall, relationship, ruling, governing
1448	strangle, constrict, wring
1449	salary, wage, gift, allow, grant, bestow on
1450	entwine, coil around, get caught in
1451	tie, bind, contract, join, organize, do up hair, fasten
1452	end, finish
1453	class, rank, grade
1454	chronicle, account, narrative, history, annals, geologic period
1455	crimson, deep red
1456	settlement, obtain, reap, pay, supply, store
1457	spinning
1458	distract, be mistaken for, go astray, divert
1459	introduce, inherit, help
1460	sutra, longitude, pass thru, expire, warp
1461	sire, good belt, gentleman
1462	promise, approximately, shrink
1463	dainty, get thin, taper, slender, narrow, detailed, precise
1464	accumulate, involvement, trouble, tie up, continually
1465	cord, rope, searching, inquiring
1466	general, whole, all, full, total
1467	cotton
1468	silk
1469	winding, reel, spin, turn (pages), look up, refer to
1470	inherit, succeed, continue, patch, graft (tree)
1471	green
1472	affinity, relation, connection, edge, border, verge, brink
1473	netting, network
1474	tense, solid, hard, reliable, tight
1475	purple, violet
1476	truss, arrest, bind, tie, restrain
1477	straw rope, cord
1478	infancy, childhood
1479	behind, back, later
1480	seclude, confine to a room, deep, profound, secluded, faint, dark, tranquil, calm
1481	how many, how much, how far, how long, some, several
1482	loom, mechanism, machine, airplane, opportunity, potency, efficacy, occasion
1483	capital, suburbs of capital
1484	mysterious, occultness, black, deep, profound
1485	livestock, domestic fowl and animals
1486	amass, raise, hoard, store
1487	bowstring, chord, hypotenuse
1488	hug, embrace, possess, protect, lead
1489	nourishing, more &amp; more, be luxuriant, planting, turbidity
1490	mercy
1491	magnet, porcelain
1492	lineage, system
1493	person in charge, connection, duty, concern oneself
1494	grandchild, descendants
1495	state of suspension, hang, depend, consult, distant, far apart
1496	humble, modest
1497	instead, on the contrary, rather, step back, withdraw, retreat
1498	skids, leg, undercarriage, lower part, base
1499	wholesale
1500	honorable, manipulate, govern
1501	clothing, admit, obey, discharge
1502	fate, command, decree, destiny, life, appoint
1503	orders, laws, command, decree, good
1504	zero, spill, overflow, nothing, cipher
1505	age
1506	cool, cold (beer, person), chill
1507	jurisdiction, dominion, territory, fief, reign
1508	small bell, buzzer
1509	courage, cheer up, be in high spirits, bravery, heroism
1510	boil, ferment, seethe, uproar, breed
1511	traffic, pass through, avenue, commute, counter for letters, notes, documents, etc.
1512	jump, dance, leap, skip
1513	doubt, distrust, be suspicious, question
1514	mimic, aim (a gun) at, nominate, imitate
1515	congeal, freeze, stiff, be absorbed in
1516	pattern, example, model
1517	crime, sin, offense
1518	spread out, wide
1519	unlucky, misfortune, bad luck, disaster
1520	dangerous, fear, uneasy
1521	address, just like, fortunately
1522	arm, ability, talent
1523	garden, farm, park
1524	grudge, show resentment, be jealous
1525	willow
1526	egg, ovum, spawn, roe
1527	detain, fasten, halt, stop
1528	lapis lazuli
1529	trade, exchange
1530	stamp, seal, mark, imprint, symbol, emblem, trademark, evidence, souvenir, India
1531	mortar
1532	break, destroy, censure, be chipped, be scratched, be broken, be ruined
1533	entertain, revive, retrieve, interest, pleasure
1534	west, bird, sign of the bird, 5-7PM, tenth sign of Chinese zodiac, sake radical (no. 164)
1535	sake, alcohol
1536	bar-tending, serving sake, the host, draw (water), ladle, scoop, pump
1537	sake
1538	fermentation
1539	cruel, severe, atrocious, unjust
1540	repay, reward, retribution
1541	dairy products, whey, broth, fruit juice
1542	vinegar, sour, acid, tart
1543	drunk, feel sick, poisoned, elated, spellbound
1544	distribute, spouse, exile, rationing
1545	acid, bitterness, sour, tart
1546	furthermore, still, yet
1547	revered, valuable, precious, noble, exalted
1548	beans, pea, midget
1549	head, counter for large animals
1550	short, brevity, fault, defect, weak point
1551	bountiful, excellent, rich
1552	drum, beat, rouse, muster
1553	rejoice, take pleasure in
1554	timber, trees, wood, establish, set up
1555	dish, a helping, plate
1556	blood
1557	basin, lantern festival, tray
1558	alliance, oath
1559	steal, rob, pilfer
1560	warm
1561	cover, lid, flap
1562	oversee, official, govt office, rule, administer
1563	excessive, overflow, spread out
1564	specimen, take warning from, learn from
1565	indigo
1566	fierce, rave, rush, become furious, wildness, strength
1567	boom, prosper, copulate
1568	salt
1569	silver
1570	regret, bear a grudge, resentment, malice, hatred
1571	root, radical, head (pimple)
1572	instant, namely, as is, conform, agree, adapt
1573	baron, peerage, court rank
1574	node, season, period, occasion, verse, clause, stanza, honor, joint, knuckle, knob, knot, tune, melody
1575	retreat, withdraw, retire, resign, repel, expel, reject
1576	limit, restrict, to best of ability
1577	eyeball
1578	good, pleasing, skilled
1579	melodious, clear, bright, serene, cheerful
1580	wandering, waves, billows, reckless, unrestrained
1581	daughter, girl
1582	eat, food
1583	meal, boiled rice
1584	drink, smoke, take
1585	hungry, starve
1586	starve, hungry, thirst
1587	decorate, ornament, adorn, embellish
1588	food, bait, prey, tempting profit
1589	building, mansion, large building, palace
1590	mochi rice cake
1591	foster, bring up, rear, develop, nurture
1592	sated, tired of, bored, satiate
1593	previously, already, long ago
1594	outline, condition, approximation, generally
1595	rue, be sad, sigh, lament
1596	even, flat, peace
1597	call, call out to, invite
1598	two-mat area, approx. thirty-six sq ft
1599	evaluate, criticism, comment
1600	reap, cut, clip, trim, prune
1601	temple
1602	hope, beg, request, pray, beseech, Greece, dilute (acid), rare, few, phenomenal
1603	villain, evil, bad luck, disaster
1604	bosom, breast, chest, heart, feelings
1605	detach, separation, disjoin, digress
1606	glassy, lapis lazuli
1607	kill, murder, butcher, slice off, split, diminish, reduce, spoil
1608	refreshing, bracing, resonant, sweet, clear
1609	genuine, purity, innocence, net (profit)
1610	suddenly, immediately, in a hurry, arrange, stay in place, bow, kowtow
1611	dull, slow, foolish, blunt
1612	spicy, bitter, hot, acrid
1613	resign, word, term, expression
1614	catalpa tree, woodblock printing
1615	superintend, manager, rule
1616	wall, lining (stomach), fence
1617	sphere, ball
1618	evade, avoid, avert, ward off, shirk, shun
1619	new
1620	fuel, firewood, kindling
1621	parent, intimacy, relative, familiarity, dealer (cards)
1622	happiness, blessing, fortune
1623	tenacious, take hold, grasp, take to heart
1624	gift, seriousness
1625	report, news, reward, retribution
1626	shout, exclaim, yell
1627	twist, ask, investigate, verify
1628	income, obtain, reap, pay, supply, store
1629	lowly, base, vile, vulgar
1630	tombstone, monument
1631	land, six
1632	intimate, friendly, harmonious
1633	forces, energy, military strength
1634	heat, temperature, fever, mania, passion
1635	diamond (shape), water chestnut, rhombus
1636	mausoleum, imperial tomb, mound, hill
1637	sign of the hog, 9-11PM, twelfth sign of the Chinese zodiac
1638	nucleus, core, kernel
1639	engrave, cut fine, chop, hash, mince, time, carving
1640	above-stated, the said, that specific
1641	bone, body, corpse
1642	censure, criminal investigation
1643	mention, state, speak, relate
1644	art, technique, skill, means, trick, resources, magic
1645	cold
1646	close, shut, cover, block, obstruct
1647	brew, cause
1648	defer, turnover, transfer, convey
1649	lot, earth, soil
1650	lass, girl, Miss, daughter
1651	poison, virus, venom, germ, harm, injury, spite
1652	elementary, principle, naked, uncovered
1653	barley, wheat
1654	blue, green
1655	refined, ghost, fairy, energy, vitality, semen, excellence, purity, skill
1656	solicit, invite, ask
1657	feelings, emotion, passion, sympathy, circumstances, facts
1658	clear up
1659	pure, purify, cleanse, exorcise, Manchu dynasty
1660	quiet
1661	blame, condemn, censure
1662	exploits, achievements, unreeling cocoons
1663	volume, product (x*y), acreage, contents, pile up, stack, load, amass
1664	bond, loan, debt
1665	pickling, soak, moisten, steep
1666	surface, table, chart, diagram
1667	bag, bale, sack, counter for bags
1668	undefiled, pure, clean, righteous, gallant
1669	pledge, promise, vow
1670	consume, eat, drink, smoke, receive (a blow)
1671	harm, injury
1672	control, wedge
1673	proportion, comparatively, divide, cut, separate, split
1674	constitution, law
1675	life, genuine, birth
1676	star, spot, dot, mark
1677	awake, be disillusioned, sober up
1678	surname
1679	sex, gender, nature
1680	animal sacrifice, offering
1681	products, bear, give birth, yield, childbirth, native, property
1682	hump, high, noble, prosperity
1683	summit, peak
1684	bee, wasp, hornet
1685	sew, stitch, embroider
1686	worship, adore, pray to
1687	longevity, congratulations, one&#39;s natural life
1688	casting, mint
1689	enroll, domiciliary register, membership
1690	springtime, spring (season)
1691	camellia
1692	peaceful, calm, peace, easy, Thailand, extreme, excessive, great
1693	play music, speak to a ruler, complete
1694	reality, truth
1695	observance, offer, present, dedicate
1696	stipend, salary
1697	rod, stick, cane, pole, club, line
1698	discreet, reverently, humbly
1699	a wee bit
1700	diligence, become employed, serve
1701	Sino-, China
1702	sigh, lament, moan, grieve, sigh of admiration
1703	difficult, impossible, trouble, accident, defect
1704	splendor, flower, petal, shine, luster, ostentatious, showy, gay, gorgeous
1705	droop, suspend, hang, slouch
1706	saliva, sputum
1707	drowsy, sleep, die
1708	weight, plumb bob, sinker, spindle
1709	ride, power, multiplication, record, counter for vehicles, board, mount, join
1710	surplus, besides
1711	now
1712	contain, include, hold in the mouth, bear in mind, understand, cherish
1713	covet, indulge in
1714	versify, singing, recital
1715	wish, sense, idea, thought, feeling, desire, attention
1716	twirl, twist, play with
1717	harp, koto
1718	shade, yin, negative, sex organs, secret, shadow
1719	beforehand, previous, myself, I
1720	preface, beginning, order, precedence, occasion, chance, incidentally
1721	deposit, custody, leave with, entrust to
1722	plains, field, rustic, civilian life
1723	concurrently, and, beforehand, in advance
1724	dislike, detest, hate
1725	sickle, scythe, trick
1726	self-effacing, humble oneself, condescend, be modest
1727	bargain, reason, charge, suspicion, point, account, purity, honest, low price, cheap, rested, contented, peaceful
1728	west, Spain
1729	value, price
1730	need, main point, essence, pivot, key to
1731	loins, hips, waist, low wainscoting
1732	ballot, label, ticket, sign
1733	drift, float (on liquid)
1734	signpost, seal, mark, stamp, imprint, symbol, emblem, trademark, evidence, souvenir, target
1735	chestnut
1736	fear
1737	transition, move, change
1738	capsize, cover, shade, mantle, be ruined
1739	smoke
1740	south
1741	camphor tree
1742	offering, counter for drinks, present, offer
1743	gate, counter for cannons
1744	question, ask, problem
1745	review, inspection, revision
1746	clique, lineage, pedigree, faction, clan
1747	interval, space
1748	get dark, gloom, disorder
1749	simplicity, brevity
1750	open, unfold, unseal
1751	closed, shut
1752	tower, tall building, palace
1753	leisure
1754	hear, ask, listen
1755	wet, be watered, profit by, receive benefits, favor, charm, steep
1756	column, handrail, blank, space
1757	fight, war
1758	godown, warehouse, storehouse, cellar, treasury
1759	genesis, wound, injury, hurt, start, originate
1760	un-, mistake, negative, injustice, non-
1761	haiku, actor
1762	repudiate, exclude, expel, reject, line up, arrange
1763	grieve, sad, deplore, regret
1764	guilt, sin, crime, fault, blame, offense
1765	comrade, fellow, people, companions
1766	front door, title page, front page
1767	marquis, lord, daimyo
1768	throat, voice
1769	climate, season, weather, wait for, expect
1770	decide, fix, agree upon, appoint
1771	cheerful, pleasant, agreeable, comfortable
1772	admirable, greatness, remarkable, conceited, famous, excellent
1773	difference, differ
1774	horizontal, woof, left &amp; right, (parallels of) latitude, prediction
1775	defense, protection
1776	Korea
1777	dry, parch, ebb, recede, interfere, intercede
1778	liver, pluck, nerve, chutzpah
1779	publish, carve, engrave
1780	sweat, perspire
1781	flats, counter for houses, eaves
1782	beach
1783	tree trunk, main part, talent, capability
1784	potato
1785	eaves, roof, house, heaven
1786	too much, myself, surplus, other, remainder
1787	exclude, division (x/3), remove, abolish, cancel, except
1788	gradually, slowly, deliberately, gently
1789	confer, relate, narrate, describe
1790	route, way, road
1791	diagonal, slanting, oblique
1792	paint, plaster, daub, smear, coating
1793	bundle, sheaf, ream, tie in bundles, govern, manage, control
1794	trust, request
1795	rapids, current, torrent, shallows, shoal
1796	imperial order
1797	alienate, rough, neglect, shun, sparse, penetrate
1798	pungent, spicy, harsh, cruel, severe
1799	quick, fast
1800	organize, arranging, tune, tone, meter, key (music)
1801	sabre, sword, blade, clock hand
1802	precipitous, inaccessible place, impregnable position, steep place, sharp eyes
1803	examination, investigate
1804	frugal, economy, thrifty
1805	heavy, important, esteem, respect, heap up, pile up, nest of boxes, -fold
1806	move, motion, change, confusion, shift, shake
1807	tumor, swelling
1808	meritorious deed, merit
1809	work, (kokuji)
1810	species, kind, class, variety, seed
1811	collide, brunt, highway, opposition (astronomy), thrust, pierce, stab, prick
1812	send forth fragrance, fragrant, be scented, smoke (tobacco)
1813	ill, sick
1814	stupid, foolish
1815	pox, smallpox
1816	symptoms, illness
1817	swelling, boil, tumor
1818	get thin
1819	rapidly
1820	jealous, envy
1821	diarrhea
1822	mark, foot print
1823	exhausted, tire, weary
1824	epidemic
1825	pain, hurt, damage, bruise
1826	mannerism, habit, vice, trait, fault, kink
1827	hide, shelter, shield
1828	artisan, workman, carpenter
1829	doctor, medicine
1830	equal, head, counter for small animals, roll of cloth
1831	ward, district
1832	hinge, pivot, door
1833	assault, hit, beat, thrash
1834	Europe
1835	repress, well, now, in the first place, push, shove, press, seal, do in spite of
1836	face-up, look up, depend, seek, respect, rever, drink, take
1837	welcome, meet, greet
1838	ascend, climb up
1839	lucidity, be clear, clear, clarify, settle, strain, look grave
1840	departure, discharge, publish, emit, start from, disclose, counter for gunshots
1841	abolish, obsolete, cessation, discarding, abandon
1842	colleague, official, companion
1843	clear
1844	dormitory, hostel, villa, tea pavillion
1845	heal, cure
1846	carve, engrave, chisel
1847	shape, form, style
1848	shadow, silhouette, phantom
1849	cedar, cryptomeria
1850	coloring, paint, makeup
1851	patent, clear
1852	lad, boy (ancient)
1853	face, expression
1854	ought, by all means, necessarily
1855	swell, get fat, thick
1856	nonplussed, three (in documents), going, coming, visiting, visit, be defeated, die, be madly in love, participate, take part in
1857	wretched, disaster, cruelty, harsh
1858	discipline, conduct oneself well, study, master
1859	rare, curious, strange
1860	checkup, seeing, diagnose, examine
1861	sentence, literature, style, art, decoration, figures, plan, literary radical (no. 67)
1862	vis-a-vis, opposite, even, equal, versus, anti-, compare
1863	family crest, figures
1864	mosquito
1865	spot, blemish, speck, patches
1866	adjusted, alike, equal, similar variety of
1867	dose, medicine, drug
1868	settle (debt, etc.), relieve (burden), finish, come to an end, excusable, need not
1869	purification, Buddhist food, room, worship, avoid, alike
1870	solemn, quietly, softly
1871	bases, fort, rampart, walls, base(ball)
1872	music, comfort, ease
1873	medicine, chemical, enamel, gunpowder, benefit
1874	ratio, rate, proportion, %, factor, lead, spearhead, command
1875	astringent, hesitate, reluctant, have diarrhea
1876	vicarious, surrogate, act in addition to, take in, absorb
1877	center, middle
1878	England, English, hero, outstanding, calyx
1879	reflect, reflection, projection
1880	red
1881	pardon, forgiveness
1882	unusual, change, strange
1883	tracks, mark, print, impression
1884	barbarian
1885	romance, in love, yearn for, miss, darling
1886	gulf, bay, inlet
1887	yellow
1888	sideways, side, horizontal, width, woof, unreasonable, perverse
1889	grasp, faggot, bunch, counter for bundles
1890	color
1891	discontinue, sever, cut off, abstain, interrupt, suppress, be beyond, without match, peerless, unparalleled
1892	glossy, luster, glaze, polish, charm, colorful, captivating
1893	fertilizer, get fat, fertile, manure, pamper
1894	sweet, coax, pamper, be content, sugary
1895	dark blue, navy
1896	so-and-so, one, a certain, that person
1897	conspire, cheat, impose on, plan, devise, scheme, have in mind, deceive
1898	mediator, go-between
1899	deceit, cheat, delude
1900	chess piece, Japanese chess, shogi
1901	national flag, banner, standard
1902	period, time, date, term
1903	Go
1904	fundamentals, radical (chem), counter for machines, foundation
1905	tremendously, very, great, exceedingly
1906	intuition, perception, check, compare, sixth sense
1907	withstand, endure, support, resist
1908	precious, value, prize, esteem, honor
1909	bequeath, leave behind, reserve
1910	dispatch, despatch, send, give, donate, do, undertake
1911	crush, smash, break, dissipate
1912	dance, flit, circle, wheel
1913	nothingness, none, ain&#39;t, nothing, nil, not
1914	association, braid, plait, construct, assemble, unite, cooperate, grapple
1915	coarse, rough, rugged
1916	tariff, crop tax, borrowing
1917	aim at, sight, shadow, stalk
1918	ancestor, pioneer, founder
1919	thwart, separate from, prevent, obstruct, deter, impede
1920	investigate
1921	help, rescue, assist
1922	best regards, good
1923	tatami mat, counter for tatami mats, fold, shut up, do away with
1924	row, and, besides, as well as, line up, rank with, rival, equal
1925	universal, wide(ly), generally, Prussia
1926	musical score, music, note, staff, table, genealogy
1927	damp, wet, moist
1928	appear, existing
1929	slender, fine, thin kimono
1930	spirits, soul
1931	business, vocation, arts, performance
1932	slap, strike, hit, beat, tell, speak
1933	me, I (male), servant, manservant
1934	together, both, neither, all, and, alike, with
1935	submit, offer, present, serve (meal), accompany
1936	uncommon, different, queerness, strangeness, wonderful, curious, unusual
1937	wing, plane, flank
1938	be crowned with, live under (a ruler), receive
1939	deluge, flood, vast
1940	harbor
1941	outburst, rave, fret, force, violence, cruelty, outrage
1942	bomb, burst open, pop, split
1943	respect, reverent
1944	elect, select, choose, prefer
1945	Mr., hall, mansion, palace, temple, lord
1946	well, well crib, town, community
1947	bowl, bowl of food
1948	surround, besiege, store, paling, enclosure, encircle, preserve, keep
1949	till, plow, cultivate
1950	Asia, rank next, come after, -ous
1951	bad, vice, rascal, false, evil, wrong
1952	circle, yen, round
1953	angle, corner, square, horn, antlers
1954	contact, touch, feel, hit, proclaim, announce, conflict
1955	unravel, notes, key, explanation, understanding, untie, undo, solve, answer, cancel, absolve, explain, minute
1956	again, twice, second time
1957	lecture, club, association
1958	subscription, buy
1959	posture, build, pretend
1960	gutter, ditch, sewer, drain, 10**32
1961	argument, discourse
1962	ethics, companion
1963	wheel, ring, circle, link, loop, counter for wheels and flowers
1964	partial, side, left-side radical, inclining, biased
1965	everywhere, times, widely, generally
1966	compilation, knit, plait, braid, twist, editing, completed poem, part of a book
1967	tome, counter for books, volume
1968	stockade, fence, weir, entwine around
1969	code, ceremony, law, rule
1970	family name, surname, clan
1971	paper
1972	marriage
1973	lower, short, humble
1974	resist, reach, touch
1975	bottom, sole, depth, bottom price, base, kind, sort
1976	people, nation, subjects
1977	sleep, die, sleepy
1978	catch, capture
1979	nurse, suckle
1980	bay, creek, inlet, gulf, beach, seacoast
1981	bullrush, flag, cattail
1982	shop, store, pave
1983	supplement, supply, make good, offset, compensate, assistant, learner
1984	residence, mansion
1985	enclosure, quarters, fortification, red-light district
1986	county, district
1987	outskirts, suburbs, rural area
1988	section, bureau, dept, class, copy, part, portion, counter for copies of a newspaper or magazine
1989	metropolis, capital, all, everything
1990	mail, stagecoach stop
1991	home country, country, Japan
1992	what?
1993	home town, village, native place, district
1994	echo, sound, resound, ring, vibrate
1995	son, counter for sons
1996	corridor, hall, tower
1997	shield, escutcheon, pretext
1998	sequential, follow
1999	faction, group, party, clique, sect, school
2000	vein, pulse, hope
2001	masses, great numbers, multitude, populace
2002	relay, in turn, sending
2003	grade, steps, stairs
2004	forge, discipline, train
2005	empress, queen, after, behind, back, later
2006	phantasm, vision, dream, illusion, apparition
2007	director, official, govt office, rule, administer
2008	pay respects, visit, ask, inquire, question, implore
2009	part of speech, words, poetry
2010	domesticate, raise, keep, feed
2011	heir, succeed
2012	boat, ship
2013	liner, ship
2014	navigate, sail, cruise, fly
2015	gunwale
2016	carrier, carry, all, general, sort, kind
2017	tray, shallow bowl, platter, tub, board, phonograph record
2018	conveyor, carry, transport
2019	ship, boat
2020	warship
2021	rowboat, small boat
2022	melon
2023	arc, arch, bow
2024	orphan, alone
2025	cocoon
2026	benefit, gain, profit, advantage
2027	spare time, rest, leisure, time, leave of absence
2028	spread, pave, sit, promulgate
2029	come, due, next, cause, become
2030	spirit, mind, air, atmosphere, mood
2031	vapor, steam
2032	fly, skip (pages), scatter
2033	sink, be submerged, subside, be depressed, aloes
2034	pillow
2035	wife, spouse
2036	uncanny, weird, threatening, horrible
2037	decline, wane, weaken
2038	inmost, heart, mind, inside
2039	mask, face, features, surface
2040	noodles, wheat flour
2041	leather, skin, reform, become serious
2042	shoes
2043	hegemony, supremacy, leadership, champion
2044	voice
2045	eyebrow
2046	give, do something for, kingdom of Wu
2047	recreation, pleasure
2048	mistake, err, do wrong, mislead
2049	steam, heat, sultry, foment, get musty
2050	acquiesce, hear, listen to, be informed, receive
2051	box (archaic)
2052	poles, settlement, conclusion, end, highest rank, electric poles, very, extremely, most, highly, 10**48
2053	tusk, fang, tusk radical (no. 92)
2054	bud, sprout, spear, germ
2055	wicked, injustice, wrong
2056	gracious, elegant, graceful, refined
2057	explanation
2058	turn, number in a series
2059	hearing, judge, trial
2060	flip, turn over, wave, flutter, change (mind)
2061	clan, enclosure
2062	fur, hair, feather, down
2063	decrease
2064	tail, end, counter for fish, lower slope of mountain
2065	home, house, residence, our house, my husband
2066	consign, requesting, entrusting with, pretend, hint
2067	do, change, make, benefit, welfare, be of use, reach to, try, practice, cost, serve as, good, advantage, as a result of
2068	falsehood, lie, deceive, pretend, counterfeit, forgery
2069	fear, majestic, graciously, be apprehensive
2070	long, leader, superior, senior
2071	lengthen, counter for bows &amp; stringed instruments, stretch, spread, put up (tent)
2072	notebook, account book, album, curtain, veil, net, tent
2073	dilate, distend, bulge, fill out, swell
2074	hair of the head
2075	unfold, expand
2076	miss, mourning
2077	nest, rookery, hive, cobweb, den
2078	simple, one, single, merely
2079	war, battle, match
2080	Zen, silent meditation
2081	bullet, twang, flip, snap
2082	cherry
2083	animal, beast
2084	brain, memory
2085	trouble, worry, in pain, distress, illness
2086	stern, strictness, severity, rigidity
2087	chain, irons, connection
2088	raise, plan, project, behavior, actions
2089	reputation, praise, honor, glory
2090	game-hunting, shooting, game, bag
2091	bird, chicken
2092	chirp, cry, bark, sound, ring, echo, honk
2093	crane, stork
2094	crow, raven
2095	vine, ivy
2096	pigeon, dove
2097	chicken
2098	island
2099	warmth
2100	beautiful woman, princess
2101	abet, help, save
2102	slacken, loosen, relax, lessen, be moderate, ease
2103	belong, genus, subordinate official, affiliated
2104	entrust, request, send a message
2105	accidentally, even number, couple, man &amp; wife, same kind
2106	meet, encounter, interview, treat, entertain, receive, deal with
2107	foolish, folly, absurdity, stupid
2108	corner, nook
2109	inverted, reverse, opposite, wicked
2110	model, molding
2111	go upstream, retrace the past
2112	mount, hill, knoll
2113	steel
2114	hawser, class (genus), rope, cord, cable
2115	sturdy, strength
2116	tin can, container, jar radical (no. 121)
2117	pottery, porcelain
2118	swing, shake, sway, rock, tremble, vibrate
2119	song, sing, ballad, noh chanting
2120	gloom, depression, melancholy, luxuriant
2121	concerning, settle, take position, depart, study, per
2122	kick
2123	sociable, kind, courteous, hospitable, cordial
2124	ground-breaking, open up farmland
2125	form, appearance, countenance
2126	excuse, dismissal
2127	deviate, idleness, leisure, miss the mark, evade, elude, parry, diverge
2128	nightfall, night
2129	exertion, endeavour, encourage, strive, make effort, diligent
2130	elephant, pattern after, imitate, image, shape, sign (of the times)
2131	statue, picture, image, figure, portrait
2132	horse
2133	pony, horse, colt
2134	verification, effect, testing
2135	equestrian, riding on horses, counter for equestrians
2136	stop-over, reside in, resident
2137	drive, run, gallop, advance, inspire, impel
2138	station
2139	boisterous, make noise, clamor, disturb, excite
2140	burdensome, pack horse, horse load, send by horse, trivial, worthless
2141	wonder, be surprised, frightened, amazed
2142	fervent, kind, cordial, serious, deliberate
2143	abuse, insult
2144	leaping up, jumping up, rising, advancing, going
2145	tiger, drunkard
2146	captive, barbarian, low epithet for the enemy
2147	skin, body, grain, texture, disposition
2148	void, emptiness, unpreparedness, crack, fissure, untruth
2149	frolic, play, sport
2150	fear, uneasiness, anxiety, concern, expectation, consideration
2151	prudence, thought, concern, consider, deliberate, fear
2152	drama, play
2153	tyrannize, oppress
2154	deer
2155	foot of a mountain
2156	recommend, mat, advise, encourage, offer
2157	jubilation, congratulate, rejoice, be happy
2158	lovely, beautiful, graceful, resplendent
2159	bear
2160	ability, talent, skill, capacity
2161	attitude, condition, figure, appearance, voice (of verbs)
2162	sign of the tiger, 3-5AM, third sign of Chinese zodiac
2163	performance, act, play, render, stage
2164	sign of the dragon, 7-9AM, fifth sign of Chinese zodiac, shin dragon radical (no. 161)
2165	embarrass, humiliate, shame
2166	quake, shake, tremble, quiver, shiver
2167	shake, wave, wag, swing
2168	with child, pregnancy
2169	lips
2170	agriculture, farmers
2171	concentrated, thick, dark, undiluted
2172	escort, send
2173	connection, barrier, gateway, involve, concerning
2174	blossom, bloom
2175	ghost, devil
2176	ugly, unclean, shame, bad looking
2177	soul, spirit
2178	witch, demon, evil spirit
2179	fascination, charm, bewitch
2180	clod, lump, chunk, clot, mass
2181	attack, advance on, succeed to, pile, heap
2182	menacing, dignity, majesty, threaten
2183	majestic plural, imperial we
2184	atmosphere, fog
2185	counter for articles
2186	tempering, refine, drill, train, polish
2187	abide by, follow, obey, learn
2188	quit, stop, leave, withdraw, go
2189	barracks, police station, camp, ton
2190	moreover, also, furthermore
2191	seaweed, duckweed
2192	slave, servant, prisoner, criminal, follower
2193	healing, cure, quench (thirst), wreak
2194	emperor&#39;s seal
2195	lagoon
2196	rust-colored, red, red lead, pills, sincerity
2197	sign of the ox or cow, 1-3AM, second sign of Chinese zodiac
2198	feel ashamed
2199	sign of the hare or rabbit, fourth sign of Chinese zodiac, 5-7AM, east
2200	sign of the snake or serpent, 9-11AM, sixth sign of Chinese zodiac'